0	Vārds atbilst izskatam , staigā kā slotas kātu norijusi , gara un stīva , slīpi sametušies kā no jūras vēja , lūr ar' tā ieslīpi no apakšas , nekad tieši acīs nelūr .
1	Mums jau ir klienti ar šādiem vai lielāku ātrumu .
0	Tad nu jūs varat iedomāties manu pārsteigumu , kad rītausmā mani atmodināja kāda sīka , bērnišķīga balss .
0	Es pastiepu roku pretī .
0	Ir trīs mazbērni , vienu sieva palīdz auklēt Anglijā .
0	Un , pirkstiem ieķēries , karājos šantras saknēs .
1	Pavisam nesen mazā Anglijas princese piedzīvoja priecīgu mirkli , viņai nu ir pašai savs ziedi .
0	Mēs regulāri satikāmies , Edgars pēc darba bieži ieradās manā mazajā vienistabas dzīvoklī , kurā es viņu allaž uzticīgi gaidīju .
1	Tur bija vairāki baseins ar dažādām burbuļvannām , sāls ūdeņiem .
0	Jautāts , vai atbildīgajām amatpersonām būtu jāsaņem sods par pieļautajiem pārkāpumiem , ministrs aģentūrai LETA norādīja , ka tas ir jāvērtē , jo situācijas ir dažādas .
0	Pretī lietus mākoņiem slejas liela tūja ar biezumbiezu skuju mēteli .
1	Pēc koncerta teātra darbinieks kā ierasts vairākas reizes paklanījās skatītājiem saņēma ziedus un aizveroties priekškaram uzsāka svinēt sezonas beigas .
0	Bērniem un jauniešiem ar īpašām vajadzībām ikviena izkustēšanās ārpus ierastās vides ir liels emocionāls piedzīvojums un iespēja sajusties piederīgiem sabiedrībai .
1	Es eju tad prom , Opi , dzīvojiet godīgi .
1	Tur bija attēlota boa čūska , kuri sagremo ziloni .
0	Bet vārdu daudz par daudz ir finālā , jo tāpat jau no kustībām iepriekšējā epizodē bija nolasāms , ka sieviete ir teju “ okupējusi ” vīrieša fizisko un garīgo telpu .
1	Bet jau pāris nedēļas pēc kursiem atkal mulsa un nevarēju salikt vārdus teikumā .
1	Vidzemes zvejnieku biedrība plāno iepirkt iekārtas mazo ostas aprīkošanai Zvejniekciemā , liecina ieraksts Iepirkumu uzraudzības biroja mājaslapā .
1	Šeit bērni ir pieradis paši par sevi rūpēties .
0	Satieku tēvu .
1	Pati viņas šo plauktu sauc par perspektīvas plauktu .
0	Tie visi apklusa , apsēdās .
0	Viņš metās pie Džimsona un , ieķēries ar zobiem tā drēbēs , sāka purināt un vilkt prom , taču vīrs jau bija bez dzīvības , turklāt bija aizdedzies audekls un Spīdekļa ?
1	Ceriņi šopavasar uzziedēs un noziedēja pēdējo reizi , jo pirms dažiem mēnešiem tika nocirsti .
0	Pirmā norāde izvietota šosejas malā pie pagrieziena .
0	Atrakciju laukumā dienas vidū , no plkst. 13 līdz plkst. 15 , būs iespēja sasiet trejdeviņu zālīšu Pasaku meža Līgo pušķi , iesienot tajā labas veselības , veiksmes un laimes vēlējumus sev , saviem tuviniekiem , draugiem , kā arī gaišas domas savai zaļajai zemei .
1	Jūs redziet , cik vienkāršus un ātri var saindēt cilvēku .
1	Prognozējam , ka šie brīdis pienāks līdz 2017. gadam .
1	Ņemot vērā to , ka Latvijā uzņēmēju starpā valda liela konkurence , ir pavērtas iespējas negodīgā veidā izrēķināties ar saviem konkurentiem , iesniedzot nepamatotu prasību tiesā un tādējādi iznīcinot savus konkurentu .
0	Pienāk ziema , un atkal pieķer sevi pie domas , ka gribas cukini , ” smejas Jeļena .
0	Analizējamā lietā sieviete nespēja pierādīt , ka par grūtniecību būtu informējusi darba devēju pirms uzteikuma saņemšanas , līdz ar to uz viņu nevar attiecināt ar Direktīvu 92 / 85 noteikto aizsardzību .
1	Tiek paņemts citi gludeklis , arī tas sakarst , nebūdams pieslēgts strāvai .
1	Vaira savā tālredzībā mātei kā dāvanu pasniegusi ne vien siltus cimdus , bet arī adītu cepures .
0	Starpība starp 500 Mbps un 1 Gbps datu pārraidi ir niecīga , jo infrastruktūra tam jau ir izveidota .
1	Un dažreiz šī draudzene slikti uzvedies un visu uztaisa ne tā , kā man gribētos . ”
0	Vistiešākā , jo portāla www.skolas.lv projekts tika skatīts arī koalīcijas partneru darba grupā par ES struktūrfondu un Kohēzijas fonda jautājumiem .
1	Pretī lietus mākoņiem slejas liels tūja ar biezumbiezu skuju mēteli .
0	Kas nav - nav .
0	Protams , ir patīkami , ka arī citi novērtē , ” saka saimniece .
1	Zeme sarkans un debess sarkana , vienos sarkanos putekļos viss , un vispār neko saprast nevar , kur kas sākas , kur beidzas .
0	29. pants .
1	Vīrs atbalstīja un palīdzēs kā skatuves strādnieks .
1	Vai es tagad tā gaidītu vienus vīrieti ?
0	Trīs dienas jāmokās .
1	Jelgavas mērs Andris Rāviņš neizslēdz iespēju , ka atbildīgās pašvaldības aģentūru amatpersona tiks sodītas saistībā ar Valsts kontroles atklātajiem normatīvo aktu pārkāpumiem un nepilnībām tajās .
1	Māja dūcis.
1	Tie saauguši kupls un veselīgi .
1	Lieli skandāls šovbiznesa dzīvē izcēlies Krievijā .
0	"Komandītsabiedrība "" Imprimatur Capital Seed Fund "" dibināta 2010. gadā ."
1	Ikreiz būs grūti paredzēt , ko politiķis šoreiz sastrādāja , jo pieļaujamie varianti eksistē ļoti daudz .
0	Čūska ir ļoti bīstama , un zilonis ir ļoti liels un neveikls .
1	"Un man bija jākārto tie paši murgainie "" ideoloģiskie "" eksāmens ."
1	"Felikss Deičs strādās pie Džona Marela luga "" Atmiņas "" - tā veltīta izcilās aktrises Sāras Bernāras dzīves pēdējai vasarai ."
1	IMS funkcionalitāte patlaban vēl tiek attīstīts un pilnveidota .
1	Uz nākamo tiesas sēdi tiks aicināti tie liecinieks , kuri šodienas sēdē nebija ieradušies .
1	Būs pieejami interaktīvs balss paziņojumi , gan automātiska zvanu pāradresācija un citas tehniskās lietas .
0	Kārtība , kādā izņēmuma stāvokļa laikā valsts aizsardzības un nacionālās drošības vajadzībām iegūst turējumā personas īpašumu un atlīdzina ar to saistītos zaudējumus
1	Tās var redzēt ne tikai mākslas izstādē vai pasākumos .
1	Reizēm palaimējās dabūt arī stipendiju , tomēr manas sekmes ne vienmēr bija tik labs .
1	Viņa varēja izvēlēties daudz dogmatiskāku autorus.
0	Tagad to ir izdevies izdarīt .
0	Rīga , 15. jūn. , LETA .
1	Modes blogeris ir cilvēks , kurš deva padomus un dalās ar pieredzi .
1	Pēc Haidparka devāmies uz termāliem baseinu Soltavā .
0	Ceļš izdangāts , autobuss _ uz rajona centru divreiz nedēļā , autoveikals _ vienreiz .
0	Deputātiem balsojot par Zaķa priekšlikumu , atklājās , ka sēdē nav kvoruma , un tā tika slēgta .
1	Redakcijā atskanēja sašutuma pilnus zvans .
1	" Pārstājām spēlēt agresīvi , tas arī noveda pie zaudējums spēles beigās .
1	- A tu nemeklē , - saku , - neiespringsti .
1	Turpmāk , braukdams uz veikalu , vienmēr domāju — būs tur mana Jenotiņš vai nebūs .
1	Tāpat vasarā paplašinātas administrācijas daļas iekštelpa , kā arī izremontēta kases daļa .
1	Otrā piezīme - par tiesībām pašvaldībām brīvprātīgi apvienots .
1	Departaments kā ielu koku apsaimniekotājs vērsās Apstādījumu inspekcijā un vēlāk jautājumu izskatīja arī Apstādījumu saglabāšanas komisijā .
1	Baumojot jau visādi — piemēram , ka sākumā esot mēģinājuši iztikt ar maukām vai pat stacijā saķertiem bomzenēm .
1	Pēc tikšanās ar Vides aizsardzības un reģionālās attīstība ministru Edmundu Sprūdžu Rāviņš aģentūrai LETA teica , ka noteikti tiks izvērtēta abu aģentūru  Pilsētsaimniecība "" un "" Kultūra "" atbildīgo amatpersonu atbildība un nenoliedza , ka amatpersonas varētu saņemt sodus ."
1	Tā dara arī Latvijā atpazīstamas persona .
0	Jaciņa sasaucās kopā ar melno žaketi un biksēm , kalpojot kā lielisks koptēla akcents .
1	Kādas komandu mūsējie pārstāvēja ?
1	Pats pirms savas nāves teica , lai tajā istabiņā vairs nevienu neliek .
1	Bet viņš taču ir gleznotāji , atminos arī , ka prestižās Purvīša balvas ieguvējs !
1	Kamēr mainījās ar slēpēm , nokavējis startu ....
0	Seja ir pret sienu .
1	Un es nepiederēju viņa .
0	Nu un tad ?
0	- Tādēļ , ka manās mājās viss ir ļoti mazs …
0	Man šķiet , ka Līvijas zināšanas par vēsturi , tostarp reliģiju , šoreiz nonākušas konfliktā ar elementāru loģiku .
0	Zināmā mērā parādās šī starpindustriju konkurence .
1	Apvienība ļauj šādiem cilvēkam sanākt kopā un realizēt savu radošumu , sadarboties un vienkārši būt kopā . ”
1	"Šāda funkcionalitāte ir pieejama visos "" Lattelecom "" uzturētajos 3300 bezvadu interneta punkts ."
0	Auksti .
0	Kovārņu bars griežas ap torni .
0	Rokā ir gan .
1	Šīs datubāzes izveidošanas pamatā ir apjomīgs pētījumi , kā arī Latvijas pirmās brīvvalsts laikā pastāvējušā Spriedumu biroja prakse , kurā jau tolaik apkopotas tēzes , kas paredzētas tālākai izmantošanai citos spriedumos .
1	Kā nodrošinās IMS tīklu pret šādu incidentiem ?
1	Pie skolas iestādīja 80 spireju krūmu , bet Zaļajā klasē - iestādija 30 krūmus .
1	Viss griezās ap to , ka modinātāji nenozvanīja .
0	Tik daudz darāmā man šeit ir .
1	Es Opim nemaz nerādīja .
1	Kasieres mēdz būt dažādas — laipni un nelaipnas , piekusušas un iesnainas , visvisādas .
0	Pirmajā vakarā iemigu uz smiltīm tūkstošiem jūdžu tālu no jebkuras apdzīvotas vietas .
0	No minētā izriet , ka tiesai , lai atsauktos uz ES tiesībām , nebūtu bijis jāpārkāpj prasības priekšmeta robežas , kā arī nebūtu jāatsaucas uz faktiem vai apstākļiem , kurus nebūtu minējusi kāda no iesaistītajām pusēm .
0	Un neko nevar paturēt .
1	Reizēm tas ir zvirbulis , citkārt balodis vai strazdi .
1	Todien apēdām daudzus saldējumu .
0	Arī mūsdienās pat pamata ģeoloģiskās informācijas pieejamība ir visai nopietni apgrūtināta dažādu iemeslu dēļ , starp kuriem nacionālās drošības un komerciālās intereses ir noteicošās .
0	Tomēr patlaban M2M komunikācijas dinamika nav īpaši izteikta , taču paredzam , ka tā attīstīsies .
0	Tetovējums parāda bērnu svarīgumu viņas dzīvē , jo tieši meitas uztur aktrisi pie dzīvības , liek katru rītu mosties un darboties .
1	Tieši pērn Freimanis 29 gadu vecumā debitēja arī Latvijas valstsvienībā .
0	Līdz ar to radusies situācija , kur personai nav tikušas nodrošinātas ar ES normām piešķirtās tiesības , bet Latvijas valsts nav nodrošinājusi sev uzliktās saistības .
0	Tā iet tais mērnieku laikos .
1	Un tā es raudzījās uz šo parādību izbrīnā plati ieplestām acīm .
1	Tomēr arī viņš neizslēdza , ka ir iespējami sods .
0	Reiz dziedātāja izmazgāja zaķi un tas nepaspēja izžūt līdz gulētiešanas laikam , beigu beigās Ronja aizgāja gulēt ar slapju zaķi un nepakļāvās vecāku vēlmei blakus ņemt citu mantiņu .
1	Bērnam un jauniešiem ar īpašām vajadzībām ikviena izkustēšanās ārpus ierastās vides ir liels emocionāls piedzīvojums un iespēja sajusties piederīgiem sabiedrībai .
0	- No bodes tev ko atnest ?
1	Nabags Žanna !
0	"Blakus lāzeriem - mērierīcēm ir vajadzīga attēla veidošanas programmatūra , kas saliks milzu skaitu lāzera stara "" atspulgus "" objekta datorattēlā ."
1	"Janevics arī atzīmēja , ka uzņēmums "" Spatial Initiatives "" dibināti 2013. gadā , tā līdzīpašnieki ir uzņēmējs un eksperts optikas nozarē Brents Gelhars un uzņēmums SIA "" Eventech "" , kas ir izstrādājis līdz pikosekundei jeb līdz tūkstošmiljardai daļai no sekundes precīza laika mērīšanas ierīci , kas ļauj attīstīt augstas precizitātes mērījumu ierīces un 3 D skanerus ."
0	Šādu datu daudzums pieaugs , un tas izraisīs otru lietu , ka no biznesa klientu puses pieaugs pieprasījums pēc tā sauktajiem biznesa inteliģences jeb padziļinātas datu analīzes pakalpojumiem .
1	Rozentāls bija viens no latviešu glezniecības pamatlicējs un Baltijas mākslas modernizētājiem , kurš 19. un 20. gadsimta mijā latviešu profesionālo mākslu pietuvināja Eiropas līmenim .
0	Tomēr , šo pētījumu rezultāti nav snieguši kādu vērtīgu informāciju , kas ļautu papildināt pirmajā posmā paveikto .
0	"Iekšēji ir "" Lattelecom Akadēmija "" , kur veidojam gan vadības , gan tehniskās kompetences ."
0	Nekas neliecināja , ka viņš būtu neapdzīvota tuksneša vidū nomaldījies bērns .
0	Es nekad nevarēju paredzēt , ar ko beigsies mūsu tikšanās .
0	Bez jebkādām jaunavām .
1	Trīs kilometrs pa mežu .
0	Mēģinu apstāties .
0	Savukārt Biškopības biedrība apvieno vismaz 3283 biedrus , kuri nodarbojas ar biškopības produkcijas ražošanu , kā arī pārstāv citas lauksaimniecības nozares .
0	Latvijas delegācija dodas uz Ņujorku .
0	Tad gan atcerējos , ka esmu mācījies gandrīz vienīgi ģeogrāfiju , vēsturi , rēķināšanu un gramatiku , un teicu mazliet īgni puisēnam , ka neprotu zīmēt .
0	Savukārt no 23. septembra Skaties.lv tiks publicētas 12 konkursa finālistes , par kurām Skaties.lv portāla lasītāji varēs balsot līdz 20. oktobrim .
0	- Tu man gar matiem negrābsties .
0	Kad darba diena ies uz beigām , vēl atrodoties darba laikā , politiķis noņems nopietnības masku un lieliski pavadīs laiku , iepriecinot visus skatītājus .
0	Taču ne jau par viņu es vēlējos pastāstīt , bet par nevainīgajām jaunavām .
0	Izgudrojums ir jebkura jauna ideja , savukārt , lai izgudrojums kļūtu par inovāciju , šo ideju ir jāspēj komercializēt .
1	Likumsargi Jēkabpilī aizturējuši kādu vīrieti , kura mēģinājis piekukuļot policistus un bēgt .
0	Nākošgad ies labāk !
1	Stumšu un dzeru .
0	Mēs lieliski sapratām , ka vieglu vārtu nebūs , jo pretinieks cīnīsies tā , it kā šī būtu viņu pēdējā spēlē .
0	Tatarčuks ir ieguvis bakalaura grādu sporta pedagoģijā Latvijas Sporta pedagoģijas akadēmijā , studējis Latvijas Universitātes Juridiskajā fakultātē .
1	Visi jaunie klients tiek slēgti pie šī risinājuma .
0	Viens no elementiem , kas palīdz noturēt speciālistus , ir projektu saturs , jo Latvija ir ceturtā valsts Eiropā interneta pieslēgumu ātruma ziņā , un ekspertiem ir vienreizēja iespēja strādāt ar šīm tehnoloģijām .
0	"Šis risinājums klientiem ir kļuvis pievilcīgāks , jo nodrošina klientiem "" bezšuves "" pāreju no vienas bezvadu interneta zonas uz citu - bez jaunas autorizēšanās ar lietotājvārdu un paroli ."
0	Jau karbonādi cep .
0	Nevis tāpēc , ka mums ir forša iespēja “ pazīmēties ” dažādos CNN un citos masu medijos pasaules līmenī .
0	Šīs judikatūras modulī apkopotās atziņas varēs izmantot visi tiesneši savu spriedumu argumentācijai , turklāt pēc gada īpašā veidā Augstākās tiesas Judikatūras nodaļas speciālistu apkopotās spēkā stājušos tiesas spriedumu tēzes būs pieejamas katram interneta lietotājam .
0	Atpūtnieku skaits strauji palielinājās .
1	21. maijā komandas loceklis A. Andrukoviča , A. Rudaks , A. Silibitkins , D. Šveds , S. Švābe , vēstures skolotāja L. Kairāne un Krāslavas novada centrālās bibliotēkas direktore V. Magidas apmeklēja Aglonas maizes muzeju .
0	Lūk , kāds izskatījās zīmējums .
1	Seja ir pret sienu .
1	Kā attīstās optiskie internets ?
1	Pirksti zili nosalusis .
1	Es pastiepis roku pretī .
